file,template,sample,words,unique_words,chars,chars_nospace,lines,digits
template_1_sample_1.txt,1,1,304,200,2217,1908,19,139
template_1_sample_2.txt,1,2,231,170,1625,1388,21,110
template_1_sample_3.txt,1,3,343,222,2414,2063,25,115
template_1_sample_4.txt,1,4,305,205,2116,1810,28,101
template_1_sample_5.txt,1,5,295,199,2170,1874,29,107
template_1_sample_6.txt,1,6,283,205,1950,1666,27,104
template_1_sample_7.txt,1,7,289,195,1918,1627,23,138
template_1_sample_8.txt,1,8,318,221,2247,1927,24,110
template_2_sample_1.txt,2,1,348,227,2519,2155,37,178
template_2_sample_2.txt,2,2,280,194,1968,1686,29,116
template_2_sample_3.txt,2,3,252,188,1899,1637,35,112
template_2_sample_4.txt,2,4,288,202,2037,1740,38,131
template_2_sample_5.txt,2,5,288,204,1992,1695,32,120
template_2_sample_6.txt,2,6,246,186,1765,1508,30,123
template_2_sample_7.txt,2,7,217,166,1696,1469,35,111
template_2_sample_8.txt,2,8,286,206,1972,1675,40,140
template_3_sample_1.txt,3,1,344,235,2220,1868,28,81
template_3_sample_2.txt,3,2,410,243,2547,2135,21,44
template_3_sample_3.txt,3,3,227,170,1500,1271,16,45
template_3_sample_4.txt,3,4,379,258,2616,2234,20,59
template_3_sample_5.txt,3,5,249,176,1633,1380,18,53
template_3_sample_6.txt,3,6,322,227,2243,1917,22,52
template_3_sample_7.txt,3,7,271,195,1740,1465,18,52
template_3_sample_8.txt,3,8,374,256,2365,1987,24,48
template_4_sample_1.txt,4,1,338,248,2323,1986,33,99
template_4_sample_2.txt,4,2,335,247,2408,2074,34,79
template_4_sample_3.txt,4,3,359,270,2523,2165,33,79
template_4_sample_4.txt,4,4,359,262,2487,2129,33,82
template_4_sample_5.txt,4,5,367,251,2437,2071,28,58
template_4_sample_6.txt,4,6,261,198,1839,1579,29,64
template_4_sample_7.txt,4,7,240,181,1671,1422,30,61
template_4_sample_8.txt,4,8,222,177,1478,1255,30,78
template_5_sample_1.txt,5,1,144,123,970,819,33,110
template_5_sample_2.txt,5,2,127,118,866,736,31,83
template_5_sample_3.txt,5,3,159,140,1073,909,37,110
template_5_sample_4.txt,5,4,153,124,1005,849,32,98
template_5_sample_5.txt,5,5,147,128,1012,861,33,84
template_5_sample_6.txt,5,6,151,138,1022,867,33,103
template_5_sample_7.txt,5,7,128,113,830,693,29,70
template_5_sample_8.txt,5,8,138,124,900,763,31,87
template_6_sample_1.txt,6,1,265,178,1872,1608,20,72
template_6_sample_2.txt,6,2,190,141,1431,1237,17,67
template_6_sample_3.txt,6,3,188,138,1435,1242,18,62
template_6_sample_4.txt,6,4,261,173,1808,1546,29,89
template_6_sample_5.txt,6,5,247,162,1867,1619,26,77
template_6_sample_6.txt,6,6,253,177,1911,1647,24,83
template_6_sample_7.txt,6,7,179,119,1387,1203,18,62
template_6_sample_8.txt,6,8,244,168,1764,1515,18,71
template_7_sample_1.txt,7,1,165,126,1252,1077,26,89
template_7_sample_2.txt,7,2,171,137,1202,1023,24,85
template_7_sample_3.txt,7,3,174,131,1250,1071,24,82
template_7_sample_4.txt,7,4,210,152,1446,1231,22,84
template_7_sample_5.txt,7,5,163,117,1096,928,22,81
template_7_sample_6.txt,7,6,196,149,1340,1137,25,93
template_7_sample_7.txt,7,7,167,134,1145,971,24,92
template_7_sample_8.txt,7,8,165,125,1209,1038,23,82
template_8_sample_1.txt,8,1,223,154,1463,1237,20,61
template_8_sample_2.txt,8,2,222,161,1490,1267,20,64
template_8_sample_3.txt,8,3,202,146,1292,1090,21,61
template_8_sample_4.txt,8,4,201,146,1296,1094,21,59
template_8_sample_5.txt,8,5,213,152,1378,1165,21,64
template_8_sample_6.txt,8,6,228,158,1443,1215,21,64
template_8_sample_7.txt,8,7,218,153,1421,1203,21,60
template_8_sample_8.txt,8,8,200,148,1332,1130,22,61
template_9_sample_1.txt,9,1,138,106,961,824,50,50
template_9_sample_2.txt,9,2,170,125,1192,1022,62,52
template_9_sample_3.txt,9,3,153,101,1094,941,54,44
template_9_sample_4.txt,9,4,160,120,1110,950,54,51
template_9_sample_5.txt,9,5,142,106,1022,880,50,44
template_9_sample_6.txt,9,6,108,89,778,670,38,36
template_9_sample_7.txt,9,7,157,120,1123,966,58,56
template_9_sample_8.txt,9,8,181,127,1306,1125,62,52
template_10_sample_1.txt,10,1,120,75,731,604,40,81
template_10_sample_2.txt,10,2,123,76,778,649,43,83
template_10_sample_3.txt,10,3,119,73,726,600,42,84
template_10_sample_4.txt,10,4,116,72,700,577,40,75
template_10_sample_5.txt,10,5,108,66,671,557,39,80
template_10_sample_6.txt,10,6,116,75,679,556,40,76
template_10_sample_7.txt,10,7,115,75,701,579,38,79
template_10_sample_8.txt,10,8,120,72,725,601,42,79
template_11_sample_1.txt,11,1,166,119,1114,935,130,352
template_11_sample_2.txt,11,2,169,120,1119,937,130,354
template_11_sample_3.txt,11,3,167,120,1116,936,130,354
template_11_sample_4.txt,11,4,170,120,1124,941,130,354
template_11_sample_5.txt,11,5,167,121,1116,936,130,354
template_11_sample_6.txt,11,6,170,115,1125,942,130,354
template_11_sample_7.txt,11,7,167,119,1116,936,130,354
template_11_sample_8.txt,11,8,168,118,1113,932,130,354
template_12_sample_1.txt,12,1,122,91,815,681,75,208
template_12_sample_2.txt,12,2,142,97,893,738,75,207
template_12_sample_3.txt,12,3,123,96,829,693,75,203
template_12_sample_4.txt,12,4,127,93,834,694,75,208
template_12_sample_5.txt,12,5,125,95,854,716,75,199
template_12_sample_6.txt,12,6,127,98,834,694,75,206
template_12_sample_7.txt,12,7,121,93,823,689,75,202
template_12_sample_8.txt,12,8,131,97,849,705,75,208
template_13_sample_1.txt,13,1,165,125,1000,830,66,72
template_13_sample_2.txt,13,2,164,124,1010,841,66,69
template_13_sample_3.txt,13,3,163,126,990,822,66,73
template_13_sample_4.txt,13,4,168,128,1000,827,66,68
template_13_sample_5.txt,13,5,161,125,994,828,66,69
template_13_sample_6.txt,13,6,166,130,1012,841,66,72
template_13_sample_7.txt,13,7,167,129,1026,854,66,73
template_13_sample_8.txt,13,8,160,125,995,830,66,68
template_14_sample_1.txt,14,1,206,144,1287,1040,58,46
template_14_sample_2.txt,14,2,213,151,1336,1080,58,44
template_14_sample_3.txt,14,3,217,153,1347,1088,58,46
template_14_sample_4.txt,14,4,208,147,1278,1029,58,45
template_14_sample_5.txt,14,5,213,152,1330,1075,58,46
template_14_sample_6.txt,14,6,220,159,1451,1188,58,46
template_14_sample_7.txt,14,7,218,150,1331,1070,58,50
template_14_sample_8.txt,14,8,210,150,1333,1080,58,47
template_15_sample_1.txt,15,1,109,87,591,483,54,143
template_15_sample_2.txt,15,2,114,91,594,481,58,144
template_15_sample_3.txt,15,3,114,91,601,488,58,153
template_15_sample_4.txt,15,4,113,87,588,476,59,143
template_15_sample_5.txt,15,5,108,86,603,496,54,143
template_15_sample_6.txt,15,6,112,85,594,483,58,143
template_15_sample_7.txt,15,7,109,88,578,470,54,143
template_15_sample_8.txt,15,8,111,86,602,492,57,143
template_16_sample_1.txt,16,1,176,145,1330,1130,26,14
template_16_sample_2.txt,16,2,184,154,1404,1194,26,19
template_16_sample_3.txt,16,3,177,144,1332,1131,26,13
template_16_sample_4.txt,16,4,181,152,1368,1161,26,19
template_16_sample_5.txt,16,5,183,153,1432,1225,26,14
template_16_sample_6.txt,16,6,188,157,1414,1200,26,19
template_16_sample_7.txt,16,7,177,146,1339,1138,26,13
template_16_sample_8.txt,16,8,193,163,1488,1269,26,19
